代理IP地址,端口,服务器地址,是否匿名,类型,存活时间,验证时间
121.226.188.27,9999,江苏,高匿,HTTPS,1分钟,3分钟前
222.190.163.41,9999,江苏泰州,高匿,HTTPS,1分钟,3分钟前
27.152.91.236,9999,福建泉州,高匿,HTTPS,40天,4分钟前
117.69.24.166,9999,安徽淮南,高匿,HTTPS,1分钟,4分钟前
106.110.212.9,9999,广东,高匿,HTTP,1分钟,43分钟前
106.122.168.205,9999,广东,高匿,HTTP,1分钟,43分钟前
114.239.148.111,9999,江苏宿迁市泗阳县,高匿,HTTP,1分钟,43分钟前
180.122.145.105,36938,江苏泰州,高匿,HTTPS,516天,43分钟前
117.95.192.36,9999,江苏宿迁,高匿,HTTP,1分钟,43分钟前
117.69.201.167,9999,安徽淮北,高匿,HTTP,1分钟,43分钟前
117.69.200.55,9999,安徽淮北,高匿,HTTP,32天,44分钟前
49.70.89.178,9999,江苏苏州,高匿,HTTP,1分钟,44分钟前
117.95.201.54,9999,江苏宿迁,高匿,HTTP,1分钟,44分钟前
183.164.239.145,23176,安徽宿州,高匿,HTTPS,441天,44分钟前
